Job,$11.82
Gembucket,$31.68
Tempsoft,$48.99
Zaam-Dox,$77.98
Bigtax,$87.08
Bamity,$72.40
Quo Lux,$97.89
Regrant,$49.90
Quo Lux,$64.37
Lotstring,$28.21
It,$89.90
Home Ing,$49.54
Tampflex,$82.90
Zoolab,$75.30
Opela,$21.28
Redhold,$52.93
Bamity,$72.40
Quo Lux,$97.89
Regrant,$49.90
Quo Lux,$64.37
Lotstring,$28.21
It,$89.90
Home Ing,$49.54
Tampflex,$82.90
Zoolab,$75.30
Opela,$21.28
Redhold,$52.93
Hatity,$21.58
Fintone,$42.92
Kanlam,$36.61
Toughjoyfax,$71.19
Holdlamis,$37.18
Andalax,$26.46
Tin,$87.87
Wrapsafe,$91.85
Konklab,$73.56
Pannier,$48.95
Subin,$25.09
Lotstring,$75.30
Alpha,$69.62
Veribet,$34.90
Zathin,$72.28
Trippledex,$36.52
Konklab,$23.41
Duobam,$19.82
Sonsing,$44.63
Stim,$10.08
Daltfresh,$88.95
Andalax,$26.46
Tin,$87.87
Wrapsafe,$91.85
Konklab,$73.56
Pannier,$48.95
Subin,$25.09
Lotstring,$75.30
Alpha,$69.62
Veribet,$34.90
Zathin,$72.28
Trippledex,$36.52
Konklab,$23.41
Duobam,$19.82
Bamity,$72.40
Quo Lux,$97.89
Regrant,$49.90
Quo Lux,$64.37
Lotstring,$28.21
It,$89.90
Home Ing,$49.54
Tampflex,$82.90
Zoolab,$75.30
Opela,$21.28
Redhold,$52.93
Sonsing,$44.63
Stim,$10.08
Bigtax,$65.15
Fixflex,$56.36
Pannier,$85.90
Bigtax,$10.02
Duobam,$68.77
Opela,$17.50
Zoolab,$80.00
Ronstring,$80.55
Tempsoft,$16.02
Span,$44.18
It,$93.16
Zathin,$87.03
Lotstring,$44.24
